H(T.P.m),V(1000m3)
148,0
148.01,3
148.02,6
148.03,10
148.04,13
148.05,16
148.06,19
148.07,22
148.08,25
148.09,29
148.1,32
148.11,35
148.12,38
148.13,41
148.14,44
148.15,48
148.16,51
148.17,54
148.18,57
148.19,60
148.2,63
148.21,67
148.22,70
148.23,73
148.24,76
148.25,79
148.26,82
148.27,86
148.28,89
148.29,92
148.3,95
148.31,98
148.32,102
148.33,105
148.34,108
148.35,111
148.36,114
148.37,117
148.38,121
148.39,124
148.4,127
148.41,130
148.42,133
148.43,136
148.44,140
148.45,143
148.46,146
148.47,149
148.48,152
148.49,155
148.5,159
148.51,162
148.52,165
148.53,168
148.54,172
148.55,175
148.56,178
148.57,181
148.58,185
148.59,188
148.6,191
148.61,194
148.62,198
148.63,201
148.64,204
148.65,208
148.66,211
148.67,214
148.68,217
148.69,221
148.7,224
148.71,227
148.72,230
148.73,234
148.74,237
148.75,240
148.76,243
148.77,247
148.78,250
148.79,253
148.8,256
148.81,260
148.82,263
148.83,266
148.84,270
148.85,273
148.86,276
148.87,279
148.88,283
148.89,286
148.9,289
148.91,292
148.92,296
148.93,299
148.94,302
148.95,305
148.96,309
148.97,312
148.98,315
148.99,313
149,322
149.01,325
149.02,323
149.03,332
149.04,335
149.05,338
149.06,342
149.07,345
149.08,349
149.09,352
149.1,355
149.11,359
149.12,362
149.13,365
149.14,369
149.15,372
149.16,375
149.17,379
149.18,382
149.19,385
149.2,389
149.21,392
149.22,395
149.23,399
149.24,402
149.25,406
149.26,409
149.27,412
149.28,416
149.29,419
149.3,422
149.31,426
149.32,429
149.33,432
149.34,436
149.35,439
149.36,442
149.37,446
149.38,449
149.39,453
149.4,456
149.41,459
149.42,463
149.43,466
149.44,469
149.45,473
149.46,476
149.47,479
149.48,483
149.49,486
149.5,489
149.51,493
149.52,496
149.53,500
149.54,503
149.55,507
149.56,510
149.57,514
149.58,517
149.59,520
149.6,524
149.61,527
149.62,531
149.63,534
149.64,538
149.65,541
149.66,545
149.67,548
149.68,551
149.69,555
149.7,558
149.71,562
149.72,565
149.73,569
149.74,572
149.75,576
149.76,579
149.77,582
149.78,586
149.79,589
149.8,593
149.81,596
149.82,600
149.83,603
149.84,607
149.85,610
149.86,614
149.87,617
149.88,620
149.89,624
149.9,627
149.91,631
149.92,634
149.93,638
149.94,641
149.95,645
149.96,648
149.97,651
149.98,655
149.99,658
150,662
150.01,665
150.02,669
150.03,672
150.04,676
150.05,680
150.06,683
150.07,687
150.08,690
150.09,694
150.1,697
150.11,701
150.12,704
150.13,708
150.14,711
150.15,715
150.16,719
150.17,722
150.18,726
150.19,729
150.2,733
150.21,736
150.22,740
150.23,743
150.24,747
150.25,750
150.26,754
150.27,757
150.28,761
150.29,765
150.3,768
150.31,772
150.32,775
150.33,779
150.34,782
150.35,786
150.36,789
150.37,793
150.38,796
150.39,800
150.4,804
150.41,807
150.42,811
150.43,814
150.44,818
150.45,821
150.46,825
150.47,828
150.48,832
150.49,835
150.5,839
150.51,843
150.52,846
150.53,850
150.54,854
150.55,857
150.56,861
150.57,864
150.58,863
150.59,872
150.6,875
150.61,879
150.62,883
150.63,886
150.64,890
150.65,894
150.66,897
150.67,901
150.68,905
150.69,908
150.7,912
150.71,915
150.72,919
150.73,923
150.74,926
150.75,930
150.76,934
150.77,937
150.78,941
150.79,945
150.8,948
150.81,952
150.82,956
150.83,959
150.84,963
150.85,966
150.86,970
150.87,974
150.88,977
150.89,981
150.9,985
150.91,988
150.92,992
150.93,996
150.94,999
150.95,1003
150.96,1007
150.97,1010
150.98,1014
150.99,1017
151,1021
151.01,1025
151.02,1029
151.03,1032
151.04,1036
151.05,1040
151.06,1044
151.07,1047
151.08,1051
151.09,1055
151.1,1059
151.11,1062
151.12,1066
151.13,1070
151.14,1073
151.15,1077
151.16,1081
151.17,1085
151.18,1088
151.19,1092
151.2,1096
151.21,1100
151.22,1103
151.23,1107
151.24,1111
151.25,1115
151.26,1118
151.27,1122
151.28,1126
151.29,1130
151.3,1133
151.31,1137
151.32,1141
151.33,1145
151.34,1148
151.35,1152
151.36,1156
151.37,1160
151.38,1163
151.39,1167
151.4,1171
151.41,1175
151.42,1178
151.43,1182
151.44,1186
151.45,1189
151.46,1193
151.47,1197
151.48,1201
151.49,1204
151.5,1208
151.51,1212
151.52,1216
151.53,1220
151.54,1224
151.55,1227
151.56,1231
151.57,1235
151.58,1239
151.59,1243
151.6,1247
151.61,1250
151.62,1254
151.63,1258
151.64,1262
151.65,1266
151.66,1270
151.67,1274
151.68,1277
151.69,1281
151.7,1285
151.71,1289
151.72,1293
151.73,1297
151.74,1300
151.75,1304
151.76,1308
151.77,1312
151.78,1316
151.79,1320
151.8,1323
151.81,1327
151.82,1331
151.83,1335
151.84,1339
151.85,1343
151.86,1347
151.87,1350
151.88,1354
151.89,1358
151.9,1362
151.91,1366
151.92,1370
151.93,1373
151.94,1377
151.95,1381
151.96,1385
151.97,1389
151.98,1393
151.99,1396
152,1400
152.01,1404
152.02,1408
152.03,1412
152.04,1416
152.05,1420
152.06,1424
152.07,1428
152.08,1432
152.09,1436
152.1,1440
152.11,1444
152.12,1448
152.13,1452
152.14,1456
152.15,1460
152.16,1463
152.17,1467
152.18,1471
152.19,1475
152.2,1479
152.21,1483
152.22,1487
152.23,1491
152.24,1495
152.25,1499
152.26,1503
152.27,1507
152.28,1511
152.29,1515
152.3,1519
152.31,1523
152.32,1527
152.33,1531
152.34,1535
152.35,1538
152.36,1542
152.37,1546
152.38,1550
152.39,1554
152.4,1558
152.41,1562
152.42,1566
152.43,1570
152.44,1574
152.45,1578
152.46,1582
152.47,1586
152.48,1590
152.49,1594
152.5,1598
152.51,1602
152.52,1606
152.53,1610
152.54,1614
152.55,1618
152.56,1622
152.57,1626
152.58,1630
152.59,1634
152.6,1638
152.61,1642
152.62,1646
152.63,1650
152.64,1654
152.65,1658
152.66,1663
152.67,1667
152.68,1671
152.69,1675
152.7,1679
152.71,1683
152.72,1687
152.73,1691
152.74,1695
152.75,1699
152.76,1703
152.77,1707
152.78,1711
152.79,1715
152.8,1719
152.81,1723
152.82,1727
152.83,1731
152.84,1735
152.85,1740
152.86,1744
152.87,1748
152.88,1752
152.89,1756
152.9,1760
152.91,1764
152.92,1768
152.93,1772
152.94,1776
152.95,1780
152.96,1784
152.97,1788
152.98,1792
152.99,1796
153,1800
153.01,1804
153.02,1809
153.03,1813
153.04,1817
153.05,1821
153.06,1825
153.07,1829
153.08,1834
153.09,1838
153.1,1842
153.11,1846
153.12,1850
153.13,1854
153.14,1859
153.15,1863
153.16,1867
153.17,1871
153.18,1875
153.19,1879
153.2,1884
153.21,1888
153.22,1892
153.23,1896
153.24,1900
153.25,1904
153.26,1908
153.27,1913
153.28,1917
153.29,1921
153.3,1925
153.31,1929
153.32,1933
153.33,1938
153.34,1942
153.35,1946
153.36,1950
153.37,1954
153.38,1958
153.39,1963
153.4,1967
153.41,1971
153.42,1975
153.43,1979
153.44,1983
153.45,1988
153.46,1992
153.47,1996
153.48,2000
153.49,2004
153.5,2008
153.51,2013
153.52,2017
153.53,2021
153.54,2025
153.55,2030
153.56,2034
153.57,2038
153.58,2042
153.59,2047
153.6,2051
153.61,2055
153.62,2060
153.63,2064
153.64,2068
153.65,2072
153.66,2077
153.67,2081
153.68,2085
153.69,2089
153.7,2094
153.71,2098
153.72,2102
153.73,2107
153.74,2111
153.75,2115
153.76,2119
153.77,2124
153.78,2128
153.79,2132
153.8,2136
153.81,2141
153.82,2145
153.83,2149
153.84,2153
153.85,2158
153.86,2162
153.87,2166
153.88,2171
153.89,2175
153.9,2179
153.91,2183
153.92,2188
153.93,2192
153.94,2196
153.95,2200
153.96,2205
153.97,2209
153.98,2213
153.99,2218
154,2222
154.01,2226
154.02,2231
154.03,2235
154.04,2239
154.05,2244
154.06,2248
154.07,2252
154.08,2257
154.09,2261
154.1,2266
154.11,2270
154.12,2274
154.13,2279
154.14,2283
154.15,2288
154.16,2292
154.17,2296
154.18,2301
154.19,2305
154.2,2309
154.21,2314
154.22,2313
154.23,2323
154.24,2327
154.25,2331
154.26,2336
154.27,2340
154.28,2344
154.29,2349
154.3,2353
154.31,2358
154.32,2362
154.33,2366
154.34,2371
154.35,2375
154.36,2379
154.37,2384
154.38,2388
154.39,2393
154.4,2397
154.41,2401
154.42,2406
154.43,2410
154.44,2415
154.45,2419
154.46,2423
154.47,2428
154.48,2432
154.49,2436
154.5,2441
154.51,2445
154.52,2450
154.53,2454
154.54,2459
154.55,2463
154.56,2468
154.57,2472
154.58,2477
154.59,2481
154.6,2486
154.61,2490
154.62,2495
154.63,2499
154.64,2504
154.65,2508
154.66,2513
154.67,2517
154.68,2522
154.69,2526
154.7,2531
154.71,2535
154.72,2540
154.73,2544
154.74,2549
154.75,2553
154.76,2558
154.77,2562
154.78,2567
154.79,2571
154.8,2576
154.81,2580
154.82,2585
154.83,2589
154.84,2594
154.85,2598
154.86,2603
154.87,2607
154.88,2612
154.89,2616
154.9,2621
154.91,2625
154.92,2630
154.93,2634
154.94,2639
154.95,2643
154.96,2648
154.97,2652
154.98,2657
154.99,2661
155,2666
155.01,2670
155.02,2675
155.03,2679
155.04,2684
155.05,2689
155.06,2693
155.07,2698
155.08,2703
155.09,2707
155.1,2712
155.11,2716
155.12,2721
155.13,2726
155.14,2730
155.15,2735
155.16,2739
155.17,2744
155.18,2749
155.19,2753
155.2,2758
155.21,2762
155.22,2767
155.23,2772
155.24,2776
155.25,2781
155.26,2786
155.27,2790
155.28,2795
155.29,2799
155.3,2804
155.31,2809
155.32,2813
155.33,2818
155.34,2822
155.35,2827
155.36,2832
155.37,2836
155.38,2841
155.39,2846
155.4,2850
155.41,2855
155.42,2859
155.43,2864
155.44,2869
155.45,2873
155.46,2878
155.47,2882
155.48,2887
155.49,2892
155.5,2896
155.51,2901
155.52,2906
155.53,2910
155.54,2915
155.55,2920
155.56,2925
155.57,2929
155.58,2934
155.59,2939
155.6,2944
155.61,2948
155.62,2953
155.63,2953
155.64,2963
155.65,2967
155.66,2972
155.67,2977
155.68,2981
155.69,2986
155.7,2991
155.71,2994
155.72,3000
155.73,3005
155.74,3010
155.75,3015
155.76,3019
155.77,3024
155.78,3029
155.79,3033
155.8,3038
155.81,3043
155.82,3048
155.83,3052
155.84,3057
155.85,3062
155.86,3067
155.87,3071
155.88,3076
155.89,3081
155.9,3086
155.91,3090
155.92,3095
155.93,3100
155.94,3104
155.95,3109
155.96,3114
155.97,3119
155.98,3123
155.99,3128
156,3133
156.01,3138
156.02,3143
156.03,3147
156.04,3152
156.05,3157
156.06,3162
156.07,3167
156.08,3172
156.09,3176
156.1,3181
156.11,3186
156.12,3191
156.13,3196
156.14,3201
156.15,3206
156.16,3210
156.17,3215
156.18,3220
156.19,3225
156.2,3230
156.21,3235
156.22,3240
156.23,3244
156.24,3249
156.25,3254
156.26,3259
156.27,3264
156.28,3269
156.29,3274
156.3,3278
156.31,3283
156.32,3288
156.33,3293
156.34,3298
156.35,3303
156.36,3308
156.37,3312
156.38,3317
156.39,3322
156.4,3327
156.41,3332
156.42,3337
156.43,3342
156.44,3346
156.45,3351
156.46,3356
156.47,3361
156.48,3368
156.49,3371
156.5,3376
156.51,3380
156.52,3385
156.53,3390
156.54,3395
156.55,3400
156.56,3405
156.57,3410
156.58,3415
156.59,3420
156.6,3425
156.61,3430
156.62,3435
156.63,3440
156.64,3445
156.65,3450
156.66,3455
156.67,3460
156.68,3465
156.69,3470
156.7,3475
156.71,3480
156.72,3485
156.73,3490
156.74,3495
156.75,3500
156.76,3505
156.77,3510
156.78,3515
156.79,3520
156.8,3525
156.81,3530
156.82,3535
156.83,3540
156.84,3545
156.85,3550
156.86,3555
156.87,3560
156.88,3565
156.89,3570
156.9,3575
156.91,3580
156.92,3584
156.93,3589
156.94,3594
156.95,3599
156.96,3604
156.97,3609
156.98,3614
156.99,3619
157,3624
157.01,3629
157.02,3635
157.03,3640
157.04,3645
157.05,3650
157.06,3655
157.07,3660
157.08,3665
157.09,3670
157.1,3675
157.11,3680
157.12,3686
157.13,3691
157.14,3696
157.15,3701
157.16,3706
157.17,3711
157.18,3716
157.19,3721
157.2,3726
157.21,3731
157.22,3737
157.23,3742
157.24,3747
157.25,3752
157.26,3757
157.27,3762
157.28,3767
157.29,3772
157.3,3777
157.31,3783
157.32,3788
157.33,3793
157.34,3798
157.35,3803
157.36,3808
157.37,3813
157.38,3818
157.39,3823
157.4,3828
157.41,3834
157.42,3839
157.43,3844
157.44,3849
157.45,3854
157.46,3859
157.47,3864
157.48,3869
157.49,3874
157.5,3880
157.51,3885
157.52,3890
157.53,3895
157.54,3900
157.55,3906
157.56,3911
157.57,3916
157.58,3921
157.59,3927
157.6,3932
157.61,3937
157.62,3942
157.63,3948
157.64,3953
157.65,3958
157.66,3963
157.67,3968
157.68,3974
157.69,3979
157.7,3984
157.71,3989
157.72,3995
157.73,4000
157.74,4005
157.75,4010
157.76,4016
157.77,4021
157.78,4026
157.79,4031
157.8,4036
157.81,4042
157.82,4047
157.83,4052
157.84,4057
157.85,4063
157.86,4068
157.87,4073
157.88,4078
157.89,4084
157.9,4089
157.91,4094
157.92,4099
157.93,4104
157.94,4110
157.95,4115
157.96,4120
157.97,4125
157.98,4131
157.99,4136
158,4141
158.01,4146
158.02,4152
158.03,4157
158.04,4163
158.05,4168
158.06,4173
158.07,4179
158.08,4184
158.09,4189
158.1,4195
158.11,4200
158.12,4205
158.13,4211
158.14,4216
158.15,4222
158.16,4227
158.17,4232
158.18,4238
158.19,4243
158.2,4248
158.21,4254
158.22,4259
158.23,4264
158.24,4270
158.25,4275
158.26,4281
158.27,4286
158.28,4291
158.29,4297
158.3,4302
158.31,4307
158.32,4313
158.33,4318
158.34,4323
158.35,4329
158.36,4334
158.37,4340
158.38,4345
158.39,4350
158.4,4356
158.41,4361
158.42,4366
158.43,4372
158.44,4377
158.45,4382
158.46,4388
158.47,4393
158.48,4399
158.49,4404
158.5,4409
158.51,4415
158.52,4420
158.53,4426
158.54,4431
158.55,4437
158.56,4442
158.57,4448
158.58,4453
158.59,4459
158.6,4464
158.61,4470
158.62,4475
158.63,4481
158.64,4486
158.65,4492
158.66,4497
158.67,4503
158.68,4508
158.69,4514
158.7,4519
158.71,4525
158.72,4530
158.73,4536
158.74,4541
158.75,4547
158.76,4552
158.77,4558
158.78,4563
158.79,4569
158.8,4574
158.81,4580
158.82,4585
158.83,4591
158.84,4596
158.85,4602
158.86,4607
158.87,4613
158.88,4618
158.89,4624
158.9,4629
158.91,4635
158.92,4640
158.93,4646
158.94,4651
158.95,4657
158.96,4662
158.97,4668
158.98,4673
158.99,4679
159,4684
159.01,4690
159.02,4695
159.03,4701
159.04,4707
159.05,4712
159.06,4718
159.07,4724
159.08,4729
159.09,4735
159.1,4741
159.11,4746
159.12,4752
159.13,4757
159.14,4763
159.15,4769
159.16,4774
159.17,4780
159.18,4786
159.19,4791
159.2,4797
159.21,4803
159.22,4808
159.23,4814
159.24,4819
159.25,4825
159.26,4831
159.27,4836
159.28,4842
159.29,4848
159.3,4853
159.31,4859
159.32,4864
159.33,4870
159.34,4876
159.35,4881
159.36,4887
159.37,4893
159.38,4898
159.39,4904
159.4,4910
159.41,4915
159.42,4921
159.43,4926
159.44,4932
159.45,4938
159.46,4943
159.47,4949
159.48,4955
159.49,4960
159.5,4966
159.51,4972
159.52,4977
159.53,4983
159.54,4989
159.55,4995
159.56,5001
159.57,5006
159.58,5012
159.59,5018
159.6,5024
159.61,5029
159.62,5035
159.63,5041
159.64,5047
159.65,5053
159.66,5058
159.67,5064
159.68,5070
159.69,5076
159.7,5081
159.71,5087
159.72,5093
159.73,5099
159.74,5105
159.75,5110
159.76,5116
159.77,5122
159.78,5128
159.79,5133
159.8,5139
159.81,5145
159.82,5151
159.83,5157
159.84,5162
159.85,5168
159.86,5174
159.87,5180
159.88,5185
159.89,5191
159.9,5197
159.91,5203
159.92,5208
159.93,5214
159.94,5220
159.95,5226
159.96,5232
159.97,5237
159.98,5243
159.99,5249
160,5255
160.01,5261
160.02,5267
160.03,5272
160.04,5278
160.05,5284
160.06,5290
160.07,5296
160.08,5302
160.09,5308
160.1,5314
160.11,5320
160.12,5326
160.13,5332
160.14,5338
160.15,5343
160.16,5349
160.17,5355
160.18,5361
160.19,5367
160.2,5373
160.21,5379
160.22,5385
160.23,5391
160.24,5397
160.25,5403
160.26,5409
160.27,5414
160.28,5420
160.29,5426
160.3,5432
160.31,5438
160.32,5444
160.33,5450
160.34,5456
160.35,5462
160.36,5468
160.37,5474
160.38,5480
160.39,5486
160.4,5491
160.41,5497
160.42,5503
160.43,5509
160.44,5515
160.45,5521
160.46,5527
160.47,5533
160.48,5539
160.49,5545
160.5,5551
160.51,5557
160.52,5563
160.53,5569
160.54,5575
160.55,5581
160.56,5587
160.57,5593
160.58,5599
160.59,5605
160.6,5611
160.61,5617
160.62,5623
160.63,5629
160.64,5636
160.65,5642
160.66,5648
160.67,5654
160.68,5660
160.69,5666
160.7,5672
160.71,5678
160.72,5684
160.73,5690
160.74,5696
160.75,5702
160.76,5708
160.77,5714
160.78,5720
160.79,5727
160.8,5733
160.81,5739
160.82,5745
160.83,5751
160.84,5757
160.85,5763
160.86,5769
160.87,5775
160.88,5781
160.89,5787
160.9,5793
160.91,5799
160.92,5805
160.93,5811
160.94,5818
160.95,5824
160.96,5830
160.97,5836
160.98,5842
160.99,5848
161,5854
161.01,5860
161.02,5866
161.03,5873
161.04,5879
161.05,5885
161.06,5891
161.07,5897
161.08,5904
161.09,5910
161.1,5916
161.11,5922
161.12,5928
161.13,5935
161.14,5941
161.15,5947
161.16,5953
161.17,5960
161.18,5966
161.19,5972
161.2,5979
161.21,5984
161.22,5991
161.23,5997
161.24,6003
161.25,6009
161.26,6015
161.27,6022
161.28,6028
161.29,6034
161.3,6040
161.31,6046
161.32,6053
161.33,6059
161.34,6065
161.35,6071
161.36,6073
161.37,6084
161.38,6090
161.39,6096
161.4,6102
161.41,6109
161.42,6115
161.43,6121
161.44,6127
161.45,6133
161.46,6140
161.47,6146
161.48,6152
161.49,6158
161.5,6165
161.51,6171
161.52,6177
161.53,6184
161.54,6190
161.55,6196
161.56,6203
161.57,6209
161.58,6215
161.59,6222
161.6,6228
161.61,6235
161.62,6241
161.63,6247
161.64,6254
161.65,6260
161.66,6266
161.67,6273
161.68,6279
161.69,6285
161.7,6292
161.71,6298
161.72,6305
161.73,6311
161.74,6317
161.75,6324
161.76,6330
161.77,6336
161.78,6343
161.79,6349
161.8,6355
161.81,6362
161.82,6368
161.83,6375
161.84,6381
161.85,6387
161.86,6394
161.87,6400
161.88,6406
161.89,6413
161.9,6419
161.91,6426
161.92,6432
161.93,6438
161.94,6445
161.95,6451
161.96,6457
161.97,6464
161.98,6470
161.99,6476
162,6483
162.01,6489
162.02,6496
162.03,6502
162.04,6509
162.05,6515
162.06,6522
162.07,6528
162.08,6535
162.09,6541
162.1,6548
162.11,6555
162.12,6561
162.13,6568
162.14,6574
162.15,6581
162.16,6587
162.17,6594
162.18,6600
162.19,6607
162.2,6613
162.21,6620
162.22,6626
162.23,6633
162.24,6639
162.25,6646
162.26,6652
162.27,6659
162.28,6665
162.29,6672
162.3,6678
162.31,6685
162.32,6692
162.33,6698
162.34,6705
162.35,6711
162.36,6718
162.37,6724
162.38,6731
162.39,6737
162.4,6744
162.41,6750
162.42,6757
162.43,6763
162.44,6770
162.45,6776
162.46,6783
162.47,6789
162.48,6796
162.49,6802
162.5,6809
162.51,6816
162.52,6822
162.53,6829
162.54,6836
162.55,6842
162.56,6849
162.57,6856
162.58,6862
162.59,6869
162.6,6876
162.61,6882
162.62,6889
162.63,6896
162.64,6902
162.65,6909
162.66,6916
162.67,6922
162.68,6929
162.69,6936
162.7,6942
162.71,6949
162.72,6956
162.73,6962
162.74,6969
162.75,6976
162.76,6983
162.77,6989
162.78,6996
162.79,7003
162.8,7009
162.81,7016
162.82,7023
162.83,7029
162.84,7036
162.85,7032
162.86,7049
162.87,7056
162.88,7063
162.89,7069
162.9,7076
162.91,7083
162.92,7089
162.93,7096
162.94,7103
162.95,7109
162.96,7116
162.97,7123
162.98,7129
162.99,7136
163,7143
163.01,7150
163.02,7156
163.03,7163
163.04,7170
163.05,7177
163.06,7184
163.07,7191
163.08,7198
163.09,7204
163.1,7211
163.11,7218
163.12,7225
163.13,7232
163.14,7239
163.15,7245
163.16,7252
163.17,7259
163.18,7266
163.19,7273
163.2,7280
163.21,7286
163.22,7293
163.23,7300
163.24,7307
163.25,7314
163.26,7321
163.27,7327
163.28,7334
163.29,7341
163.3,7348
163.31,7355
163.32,7362
163.33,7369
163.34,7375
163.35,7382
163.36,7389
163.37,7396
163.38,7403
163.39,7410
163.4,7416
163.41,7423
163.42,7430
163.43,7437
163.44,7444
163.45,7451
163.46,7457
163.47,7464
163.48,7471
163.49,7478
163.5,7485
163.51,7492
163.52,7499
163.53,7506
163.54,7513
163.55,7520
163.56,7527
163.57,7534
163.58,7541
163.59,7548
163.6,7555
163.61,7562
163.62,7569
163.63,7576
163.64,7583
163.65,7590
163.66,7597
163.67,7604
163.68,7611
163.69,7618
163.7,7625
163.71,7632
163.72,7639
163.73,7646
163.74,7653
163.75,7660
163.76,7667
163.77,7674
163.78,7681
163.79,7688
163.8,7695
163.81,7702
163.82,7709
163.83,7716
163.84,7723
163.85,7730
163.86,7737
163.87,7744
163.88,7751
163.89,7758
163.9,7765
163.91,7772
163.92,7779
163.93,7796
163.94,7793
163.95,7800
163.96,7807
163.97,7814
163.98,7821
163.99,7828
164,7835
164.01,7842
164.02,7849
164.03,7857
164.04,7864
164.05,7871
164.06,7878
164.07,7885
164.08,7892
164.09,7900
164.1,7907
164.11,7914
164.12,7921
164.13,7928
164.14,7936
164.15,7943
164.16,7950
164.17,7957
164.18,7964
164.19,7971
164.2,7979
164.21,7986
164.22,7993
164.23,8000
164.24,8007
164.25,8014
164.26,8022
164.27,8029
164.28,8036
164.29,8043
164.3,8050
164.31,8057
164.32,8065
164.33,8072
164.34,8079
164.35,8086
164.36,8093
164.37,8101
164.38,8108
164.39,8115
164.4,8122
164.41,8129
164.42,8136
164.43,8144
164.44,8151
164.45,8158
164.46,8165
164.47,8172
164.48,8179
164.49,8187
164.5,8194
164.51,8201
164.52,8208
164.53,8216
164.54,8223
164.55,8231
164.56,8238
164.57,8245
164.58,8253
164.59,8260
164.6,8267
164.61,8275
164.62,8282
164.63,8289
164.64,8297
164.65,8304
164.66,8311
164.67,8319
164.68,8326
164.69,8333
164.7,8341
164.71,8348
164.72,8355
164.73,8363
164.74,8370
164.75,8377
164.76,8385
164.77,8392
164.78,8399
164.79,8407
164.8,8414
164.81,8422
164.82,8429
164.83,8436
164.84,8444
164.85,8451
164.86,8458
164.87,8466
164.88,8473
164.89,8480
164.9,8488
164.91,8495
164.92,8502
164.93,8510
164.94,8517
164.95,8524
164.96,8532
164.97,8539
164.98,8546
164.99,8554
165,8561
165.01,8569
165.02,8576
165.03,8584
165.04,8591
165.05,8599
165.06,8606
165.07,8614
165.08,8621
165.09,8629
165.1,8636
165.11,8644
165.12,8651
165.13,8659
165.14,8666
165.15,8674
165.16,8681
165.17,8689
165.18,8696
165.19,8704
165.2,8712
165.21,8719
165.22,8727
165.23,8734
165.24,8742
165.25,8749
165.26,8757
165.27,8764
165.28,8772
165.29,8779
165.3,8787
165.31,8794
165.32,8802
165.33,8809
165.34,8817
165.35,8824
165.36,8832
165.37,8839
165.38,8847
165.39,8854
165.4,8862
165.41,8870
165.42,8877
165.43,8885
165.44,8892
165.45,8900
165.46,8907
165.47,8915
165.48,8922
165.49,8930
165.5,8937
165.51,8945
165.52,8953
165.53,8960
165.54,8968
165.55,8976
165.56,8983
165.57,8991
165.58,8999
165.59,9006
165.6,9014
165.61,9022
165.62,9030
165.63,9037
165.64,9045
165.65,9053
165.66,9060
165.67,9068
165.68,9076
165.69,9083
165.7,9091
165.71,9099
165.72,9107
165.73,9114
165.74,9122
165.75,9130
165.76,9137
165.77,9145
165.78,9153
165.79,9160
165.8,9168
165.81,9176
165.82,9184
165.83,9191
165.84,9199
165.85,9207
165.86,9214
165.87,9222
165.88,9230
165.89,9237
165.9,9245
165.91,9253
165.92,9261
165.93,9268
165.94,9276
165.95,9284
165.96,9291
165.97,9299
165.98,9307
165.99,9314
166,9322
166.01,9330
166.02,9338
166.03,9346
166.04,9354
166.05,9362
166.06,9369
166.07,9377
166.08,9385
166.09,9393
166.1,9401
166.11,9409
166.12,9417
166.13,9425
166.14,9432
166.15,9440
166.16,9448
166.17,9456
166.18,9464
166.19,9472
166.2,9480
166.21,9488
166.22,9496
166.23,9503
166.24,9511
166.25,9519
166.26,9527
166.27,9535
166.28,9543
166.29,9551
166.3,9559
166.31,9567
166.32,9574
166.33,9582
166.34,9590
166.35,9598
166.36,9606
166.37,9614
166.38,9622
166.39,9630
166.4,9637
166.41,9645
166.42,9653
166.43,9661
166.44,9669
166.45,9677
166.46,9685
166.47,9693
166.48,9701
166.49,9708
166.5,9716
166.51,9724
166.52,9732
166.53,9741
166.54,9749
166.55,9757
166.56,9765
166.57,9773
166.58,9781
166.59,9789
166.6,9797
166.61,9805
166.62,9813
166.63,9821
166.64,9829
166.65,9837
166.66,9845
166.67,9853
166.68,9862
166.69,9870
166.7,9878
166.71,9886
166.72,9894
166.73,9902
166.74,9910
166.75,9918
166.76,9926
166.77,9934
166.78,9942
166.79,9950
166.8,9958
166.81,9966
166.82,9974
166.83,9983
166.84,9991
166.85,9999
166.86,10007
166.87,10015
166.88,10023
166.89,10031
166.9,10039
166.91,10047
166.92,10055
166.93,10063
166.94,10071
166.95,10079
166.96,10087
166.97,10095
166.98,10104
166.99,10112
167,10120
167.01,10128
167.02,10136
167.03,10144
167.04,10153
167.05,10161
167.06,10169
167.07,10178
167.08,10186
167.09,10194
167.1,10202
167.11,10211
167.12,10219
167.13,10227
167.14,10235
167.15,10244
167.16,10252
167.17,10260
167.18,10268
167.19,10277
167.2,10285
167.21,10293
167.22,10301
167.23,10310
167.24,10318
167.25,10326
167.26,10334
167.27,10343
167.28,10351
167.29,10359
167.3,10367
167.31,10376
167.32,10384
167.33,10392
167.34,10400
167.35,10409
167.36,10417
167.37,10425
167.38,10434
167.39,10442
167.4,10450
167.41,10458
167.42,10467
167.43,10475
167.44,10483
167.45,10491
167.46,10500
167.47,10508
167.48,10516
167.49,10524
167.5,10533
167.51,10541
167.52,10550
167.53,10558
167.54,10566
167.55,10575
167.56,10583
167.57,10592
167.58,10600
167.59,10609
167.6,10617
167.61,10626
167.62,10634
167.63,10642
167.64,10651
167.65,10659
167.66,10668
167.67,10676
167.68,10685
167.69,10693
167.7,10702
167.71,10710
167.72,10719
167.73,10727
167.74,10735
167.75,10744
167.76,10752
167.77,10761
167.78,10769
167.79,10778
167.8,10786
167.81,10795
167.82,10803
167.83,10811
167.84,10820
167.85,10828
167.86,10837
167.87,10845
167.88,10854
167.89,10862
167.9,10871
167.91,10879
167.92,10888
167.93,10896
167.94,10904
167.95,10913
167.96,10921
167.97,10930
167.98,10938
167.99,10947
168,10955
168.01,10964
168.02,10972
168.03,10981
168.04,10990
168.05,10998
168.06,11007
168.07,11016
168.08,11024
168.09,11033
168.1,11042
168.11,11050
168.12,11059
168.13,11068
168.14,11076
168.15,11085
168.16,11094
168.17,11102
168.18,11111
168.19,11119
168.2,11128
168.21,11137
168.22,11145
168.23,11154
168.24,11163
168.25,11171
168.26,11180
168.27,11189
168.28,11197
168.29,11206
168.3,11215
168.31,11223
168.32,11232
168.33,11241
168.34,11249
168.35,11258
168.36,11267
168.37,11275
168.38,11284
168.39,11292
168.4,11301
168.41,11310
168.42,11318
168.43,11327
168.44,11336
168.45,11344
168.46,11353
168.47,11362
168.48,11370
168.49,11379
168.5,11388
168.51,11396
168.52,11405
168.53,11414
168.54,11423
168.55,11432
168.56,11441
168.57,11450
168.58,11458
168.59,11467
168.6,11476
168.61,11485
168.62,11494
168.63,11503
168.64,11512
168.65,11520
168.66,11529
168.67,11538
168.68,11547
168.69,11556
168.7,11565
168.71,11573
168.72,11582
168.73,11591
168.74,11600
168.75,11609
168.76,11618
168.77,11627
168.78,11635
168.79,11644
168.8,11653
168.81,11662
168.82,11671
168.83,11680
168.84,11689
168.85,11697
168.86,11706
168.87,11715
168.88,11724
168.89,11733
168.9,11742
168.91,11750
168.92,11759
168.93,11768
168.94,11777
168.95,11786
168.96,11795
168.97,11804
168.98,11812
168.99,11821
169,11830
169.01,11839
169.02,11848
169.03,11857
169.04,11866
169.05,11875
169.06,11884
169.07,11893
169.08,11903
169.09,11912
169.1,11921
169.11,11930
169.12,11939
169.13,11948
169.14,11957
169.15,11966
169.16,11975
169.17,11984
169.18,11993
169.19,12002
169.2,12011
169.21,12020
169.22,12029
169.23,12038
169.24,12047
169.25,12056
169.26,12066
169.27,12075
169.28,12084
169.29,12093
169.3,12102
169.31,12111
169.32,12120
169.33,12129
169.34,12138
169.35,12147
169.36,12156
169.37,12165
169.38,12174
169.39,12183
169.4,12192
169.41,12201
169.42,12210
169.43,12219
169.44,12228
169.45,12238
169.46,12247
169.47,12256
169.48,12265
169.49,12274
169.5,12283
169.51,12292
169.52,12301
169.53,12311
169.54,12320
169.55,12329
169.56,12338
169.57,12348
169.58,12357
169.59,12366
169.6,12375
169.61,12385
169.62,12394
169.63,12403
169.64,12413
169.65,12422
169.66,12431
169.67,12440
169.68,12450
169.69,12459
169.7,12468
169.71,12477
169.72,12487
169.73,12496
169.74,12505
169.75,12514
169.76,12524
169.77,12533
169.78,12542
169.79,12552
169.8,12561
169.81,12570
169.82,12579
169.83,12589
169.84,12598
169.85,12607
169.86,12616
169.87,12626
169.88,12635
169.89,12644
169.9,12653
169.91,12663
169.92,12672
169.93,12681
169.94,12691
169.95,12700
169.96,12709
169.97,12718
169.98,12728
169.99,12737
170,12746
170.01,12756
170.02,12765
170.03,12775
170.04,12784
170.05,12793
170.06,12803
170.07,12812
170.08,12822
170.09,12831
170.1,12841
170.11,12850
170.12,12860
170.13,12869
170.14,12879
170.15,12888
170.16,12898
170.17,12907
170.18,12917
170.19,12926
170.2,12936
170.21,12945
170.22,12955
170.23,12964
170.24,12974
170.25,12983
170.26,12993
170.27,13002
170.28,13011
170.29,13021
170.3,13030
170.31,13040
170.32,13049
170.33,13059
170.34,13068
170.35,13078
170.36,13087
170.37,13097
170.38,13106
170.39,13116
170.4,13125
170.41,13135
170.42,13144
170.43,13154
170.44,13163
170.45,13173
170.46,13182
170.47,13192
170.48,13201
170.49,13211
170.5,13220
170.51,13230
170.52,13239
170.53,13249
170.54,13259
170.55,13268
170.56,13278
170.57,13288
170.58,13298
170.59,13307
170.6,13317
170.61,13327
170.62,13336
170.63,13346
170.64,13356
170.65,13365
170.66,13375
170.67,13385
170.68,13394
170.69,13404
170.7,13414
170.71,13424
170.72,13433
170.73,13443
170.74,13453
170.75,13462
170.76,13472
170.77,13482
170.78,13491
170.79,13501
170.8,13511
170.81,13521
170.82,13530
170.83,13540
170.84,13550
170.85,13559
170.86,13569
170.87,13579
170.88,13588
170.89,13598
170.9,13608
170.91,13617
170.92,13627
170.93,13637
170.94,13647
170.95,13656
170.96,13666
170.97,13676
170.98,13685
170.99,13695
171,13705
171.01,13715
171.02,13725
171.03,13734
171.04,13744
171.05,13754
171.06,13764
171.07,13774
171.08,13784
171.09,13794
171.1,13804
171.11,13814
171.12,13824
171.13,13834
171.14,13844
171.15,13853
171.16,13863
171.17,13873
171.18,13883
171.19,13893
171.2,13903
171.21,13913
171.22,13923
171.23,13933
171.24,13943
171.25,13953
171.26,13963
171.27,13972
171.28,13982
171.29,13992
171.3,14002
171.31,14012
171.32,14022
171.33,14032
171.34,14042
171.35,14052
171.36,14062
171.37,14072
171.38,14082
171.39,14092
171.4,14101
171.41,14111
171.42,14121
171.43,14131
171.44,14141
171.45,14151
171.46,14161
171.47,14171
171.48,14181
171.49,14191
171.5,14201
171.51,14211
171.52,14221
171.53,14231
171.54,14241
171.55,14251
171.56,14261
171.57,14272
171.58,14282
171.59,14292
171.6,14302
171.61,14312
171.62,14322
171.63,14332
171.64,14343
171.65,14353
171.66,14363
171.67,14373
171.68,14383
171.69,14393
171.7,14403
171.71,14414
171.72,14424
171.73,14434
171.74,14444
171.75,14454
171.76,14464
171.77,14474
171.78,14485
171.79,14495
171.8,14505
171.81,14515
171.82,14525
171.83,14535
171.84,14545
171.85,14556
171.86,14566
171.87,14576
171.88,14586
171.89,14596
171.9,14606
171.91,14616
171.92,14627
171.93,14637
171.94,14647
171.95,14657
171.96,14667
171.97,14677
171.98,14687
171.99,14698
172,14708
172.01,14718
172.02,14728
172.03,14739
172.04,14749
172.05,14760
172.06,14770
172.07,14780
172.08,14791
172.09,14801
172.1,14811
172.11,14822
172.12,14832
172.13,14843
172.14,14853
172.15,14863
172.16,14874
172.17,14884
172.18,14894
172.19,14905
172.2,14915
172.21,14926
172.22,14936
172.23,14946
172.24,14957
172.25,14967
172.26,14977
172.27,14988
172.28,14998
172.29,15009
172.3,15019
172.31,15029
172.32,15040
172.33,15050
172.34,15060
172.35,15071
172.36,15081
172.37,15092
172.38,15102
172.39,15112
172.4,15123
172.41,15133
172.42,15143
172.43,15154
172.44,15164
172.45,15175
172.46,15185
172.47,15195
172.48,15206
172.49,15216
172.5,15226
172.51,15237
172.52,15248
172.53,15258
172.54,15269
172.55,15279
172.56,15290
172.57,15301
172.58,15311
172.59,15322
172.6,15332
172.61,15343
172.62,15354
172.63,15364
172.64,15375
172.65,15386
172.66,15396
172.67,15407
172.68,15417
172.69,15428
172.7,15439
172.71,15449
172.72,15460
172.73,15470
172.74,15481
172.75,15492
172.76,15502
172.77,15513
172.78,15523
172.79,15534
172.8,15545
172.81,15555
172.82,15566
172.83,15576
172.84,15587
172.85,15598
172.86,15603
172.87,15619
172.88,15630
172.89,15640
172.9,15651
172.91,15661
172.92,15672
172.93,15683
172.94,15693
172.95,15704
172.96,15714
172.97,15725
172.98,15736
172.99,15746
173,15756
173.01,15766
173.02,15776
173.03,15786
173.04,15796
173.05,15806
173.06,15816
173.07,15826
173.08,15836
173.09,15846
173.1,15856
173.11,15866
173.12,15876
173.13,15886
173.14,15896
173.15,15906
173.16,15916
173.17,15926
173.18,15936
173.19,15946
173.2,15956
173.21,15966
173.22,15976
173.23,15986
173.24,15996
173.25,16006
173.26,16016
173.27,16026
173.28,16036
173.29,16046
173.3,16056
173.31,16066
173.32,16076
173.33,16086
173.34,16096
173.35,16106
173.36,16116
173.37,16126
173.38,16136
173.39,16146
173.4,16156
173.41,16166
173.42,16176
173.43,16186
173.44,16196
173.45,16206
173.46,16216
173.47,16226
173.48,16236
173.49,16246
173.5,16256
173.51,16266
173.52,16276
173.53,16286
173.54,16296
173.55,16306
173.56,16316
173.57,16326
173.58,16336
173.59,16346
173.6,16356
173.61,16366
173.62,16376
173.63,16386
173.64,16396
173.65,16406
173.66,16416
173.67,16426
173.68,16436
173.69,16446
173.7,16456
173.71,16466
173.72,16476
173.73,16486
173.74,16496
173.75,16506
173.76,16516
173.77,16526
173.78,16536
173.79,16546
173.8,16556
173.81,16566
173.82,16576
173.83,16586
173.84,16596
173.85,16606
173.86,16616
173.87,16626
173.88,16636
173.89,16646
173.9,16656
173.91,16666
173.92,16676
173.93,16686
173.94,16696
173.95,16706
173.96,16716
173.97,16726
173.98,16736
173.99,16746
174,16756
174.01,16766
174.02,16776
174.03,16786
174.04,16796
174.05,16806
174.06,16816
174.07,16826
174.08,16836
174.09,16846
174.1,16856
174.11,16866
174.12,16876
174.13,16886
174.14,16896
174.15,16906
174.16,16916
174.17,16926
174.18,16936
174.19,16946
174.2,16956
174.21,16966
174.22,16976
174.23,16986
174.24,16996
174.25,17006
174.26,17016
174.27,17026
174.28,17036
174.29,17046
174.3,17056
174.31,17066
174.32,17076
174.33,17086
174.34,17096
174.35,17106
174.36,17116
174.37,17126
174.38,17136
174.39,17146
174.4,17156
174.41,17166
174.42,17176
174.43,17186
174.44,17196
174.45,17206
174.46,17216
174.47,17226
174.48,17236
174.49,17246
174.5,17256
174.51,17266
174.52,17276
174.53,17286
174.54,17296
174.55,17306
174.56,17316
174.57,17326
174.58,17336
174.59,17346
174.6,17356
174.61,17366
174.62,17376
174.63,17386
174.64,17396
174.65,17406
174.66,17416
174.67,17426
174.68,17436
174.69,17446
174.7,17456
174.71,17466
174.72,17476
174.73,17486
174.74,17496
174.75,17506
174.76,17516
174.77,17526
174.78,17536
174.79,17546
174.8,17556
174.81,17566
174.82,17576
174.83,17586
174.84,17596
174.85,17606
174.86,17616
174.87,17626
174.88,17636
174.89,17646
174.9,17656
174.91,17666
174.92,17676
174.93,17686
174.94,17696
174.95,17706
174.96,17716
174.97,17726
174.98,17736
174.99,17746
175,17756
175.01,17766
175.02,17776
175.03,17786
175.04,17796
175.05,17806
175.06,17816
175.07,17826
175.08,17836
175.09,17846
175.1,17856
175.11,17866
175.12,17876
175.13,17886
175.14,17896
175.15,17906
175.16,17916
175.17,17926
175.18,17936
175.19,17946
175.2,17956
175.21,17966
175.22,17976
175.23,17986
175.24,17996
175.25,18006
175.26,18016
175.27,18026
175.28,18036
175.29,18046
175.3,18056
175.31,18066
175.32,18076
175.33,18086
175.34,18096
175.35,18106
175.36,18116
175.37,18126
175.38,18136
175.39,18146
175.4,18156
175.41,18166
175.42,18176
175.43,18186
175.44,18196
175.45,18206
175.46,18216
175.47,18226
175.48,18236
175.49,18246
175.5,18256
175.51,18266
175.52,18276
175.53,18286
175.54,18296
175.55,18306
175.56,18316
175.57,18326
175.58,18336
175.59,18346
175.6,18356
175.61,18366
175.62,18376
175.63,18386
175.64,18396
175.65,18406
175.66,18416
175.67,18426
175.68,18436
175.69,18446
175.7,18456
175.71,18466
175.72,18476
175.73,18486
175.74,18496
175.75,18506
175.76,18516
175.77,18526
175.78,18536
175.79,18546
175.8,18556
175.81,18566
175.82,18576
175.83,18586
175.84,18596
175.85,18606
175.86,18616
175.87,18626
175.88,18636
175.89,18646
175.9,18656
175.91,18666
175.92,18676
175.93,18686
175.94,18696
175.95,18706
175.96,18716
175.97,18726
175.98,18736
175.99,18746
176,18756
